Street_Address,Account_Number,Parcel_ID
10 Crazy Horse Dr,R024065,559715205023
10 Troon Trl,R417439,559710412001
10 Turnberry Dr,R425450,559710418014
100 Glade Ct,R436419,559710421002
100 Hermosa Cir,R023333,559710205025
100 Orchard Ln,R023858,559703307007
100 Red Cliffs Rd,R417425,559710311029
100 Turnberry Dr,R431299,559710418026
1000 Animosa Dr,R009690,559711201015
1000 Red Rock Rd,R422273,559710114042
1005 Waterfall Ln,R417597,559728402030
1006 Waterfall Ln,R417592,559728402025
101 Bouldercrest Dr,R417342,559702200049
101 CR 202,R003960,559703100009
101 Crazy Horse Dr,R024052,559715205010
101 Glade Ct (Lot 18),R436436,559710421022
1012 N Dalton Ranch Rd,R423623,559710416016
1015 CR 201,R417359,559703200155
102 Latigo Rd,R000092,559702202010
102 Troon Trl,R417444,559710412006
1029 Waterfall Ln,R417596,559728402029
103 Orchard Ln,R023861,559703307010
103 Turnberry Dr,R431294,559710418021
1030 Waterfall Ln,R417593,559728402026
104 River Run,R417351,559702305041
104 Troon Cir,R417491,559710413006
104 Valley Ct,R024078,559710309011
1042 Waterfall Ln,R417594,559728402027
1045 Waterfall Ln,R417595,559728402028
1048 N Dalton Ranch Rd,R423621,559710416014
105 Paintbrush Ln,R437259,559703409007
105 St. Andrews Cir,R417405,559710311009
1055 Animosa Pl,R009112,559711201016
1056 N Dalton Ranch Rd,R423620,559710416013
106 St. Andrews Cir,R417434,559710311038
10631 CR 250,R023382,537136100025
1064 N Dalton Ranch Rd,R423619,559710416012
107 Crazy Horse Dr,R024053,559715205011
107 St. Andrews Cir,R417406,559710311010
1070 N Dalton Ranch Rd,R423618,559710416011
10759 CR 250,R436731,537136100034
108 Glade Ct (Lot 2),R436420,559710421003
108 Latigo Rd,R016881,559702202009
108 Orchard Ln,R023859,559703307008
109 Glade Ct (Lot 17),R436435,559710321021
109 Lockes Mtn Rd,R421418,537135400051
109 Lockes Mtn Rd,R421418,537135400051
10907 CR 250,R436732,537136100035
10907 CR 250,R436732,537136100035
10945 CR 250,R013214,437136100001
10992 CR 250,R009731,537331200003
10995 CR 250,R419411,590531100279
11 Crazy Horse Dr,R024043,559715205001
11 Fawn Lake Rd,R012190,559702203016
11 Mid Iron Ct,R423645,559710317001
11 Peach Tree Pl,R417485,559710412047
110 Turnberry Dr,R431298,559710418025
11010 CR 250,R012377,537331200002
11013 CR 250,R016250,537136100024
11019 CR 250,R016683,537125401005
11029 CR 250,R001945,537125401015
11060 CR 250,R011532,537330300016
111 CR 201,R423684,559703106015
111 Crazy Horse Dr,R024054,559715205012
111 Orchard Ln,R023860,559703307009
11161 CR 250,R019747,537125401014
11165 CR 250,R006238,537125401003
11175 CR 250,R016635,537125401012
112 Latigo Rd,R002641,559702202008
11222 CR 250,R018600,537330300026
11245 CR 250,R010192,537125401001
1126 N Dalton Ranch Rd,R423615,559710416008
113 Hermosa Cir,R023345,559710207037
113 Pebble Dr,R417458,559710412020
114 Cottonwood Creek Rd A-1,R012179,559702204026
114 Cottonwood Creek Rd A-2,R012180,559702204027
114 Cottonwood Creek Rd A-3,R012181,559702204028
114 Cottonwood Creek Rd A-4,R012182,559702204029
114 Cottonwood Creek Rd B-2,R012183,559702204031
114 Cottonwood Creek Rd B-3,R015499,559702204032
114 Cottonwood Creek Rd B-4,R008439,559702204033
114 Cottonwood Creek Rd C-1,R011575,559702204034
114 Cottonwood Creek Rd C-2,R004555,559702204035
114 Cottonwood Creek Rd C-3,R007852,559702204036
114 Cottonwood Creek Rd C-4,R007853,559702204037
114 Cottonwood Creek Rd D-1,R000676,559702204038
114 Cottonwood Creek Rd D-2,R000675,559702204039
114 Cottonwood Creek Rd D-3,R004325,559702204040
114 Cottonwood Creek Rd D-4,R009729,559702204041
114 Cottonwood Creek Rd E-1,R017859,559702204042
114 Cottonwood Creek Rd E-2,R009729,559702204041
114 Hermosa Cir,R023332,559710205024
114 Red Cliffs Rd,R417426,559710311030
114 Rim Rock Dr,R011520,559703100113
11453 CR 250,R017212,537125400011
115 Trimble Crossing Dr,R430419,559715208042
116 Glade Ct (Lot 3),R436421,559710421004
116 Valley Ct,R024077,559710309010
1167 N Dalton Ranch Rd,R423614,559710416007
117 Glade Ct,R436434,559710421019
117 Latigo Rd,R010857,559702202007
117 St Andrews Cir,R417407,559710311011
117 Tripp Creek,R020227,559710204002
11778 CR 250,R023883,537330201007
1178 N Dalton Ranch Rd,R423613,559710416006
11796 CR 250,R023882,537330201006
118 Trimble Crossing Dr,R431944,559715208072
118 Troon Trail,R417445,559710412007
11814 CR 250,R007843,537330201005
119 Crazy Horse Dr,R024056,559715205014
11900 CR 250,R014019,537330200017
11930 CR 250,R014018,537330200065
11982 CR 250,R435037,537330200064
1199 N Dalton Ranch Rd,R423612,559710416005
12 Championship Cir,R423638,559710416031
12 Dog Leg Ln,R423668,559710417024
12 Fat Dog Ln,R007199,559703400055
12 Peach Tree Pl,R417476,559710412038
12062 CR 250,R011116,537330200009
12074 CR 250,R017472,537330200008
12098 CR 250,R020077,537330200028
12102 CR 250,R020077,537330200028
1212 CR 201,R008581,537134000027
12164 CR 250,R022641,537330200032
12180 CR 250,R005638,537330200006
12186 CR 250,R010175,537330200005
12198 CR 250,R012277,537330200018
122 Estancia Loop,R435357,559710320052
122 Horse Thief Ln,R023432,559715202001
1222 N Dalton Ranch Rd,R423611,559710416004
12236 CR 250,R003767,537330200003
1229 N Dalton Ranch Rd,R423610,559710416003
123 Crazy Horse Dr,R024057,559715205015
123 Cypress Ct,R417541,559715107038
123 Rio Grande Dr,R008754,537136203002
123 Trimble Crossing Dr,R430456,559715208043
124 Cypress Ct,R417513,559715107010
124 Glade Ct,R009522,559710100076
124 Rim Rock Dr,R011046,537134400038
124 Wild Rose Ln,R433374,559710400149
125 Glade Ct,R436433,559710421018
125 White Water Dr,R426466,537125400032
12514 CR 250,R435461,537319300063
1258 N Dalton Ranch Rd,R423609,559710416002
126 Elkhorn Mountain Rd,R436506,537331202008
126 Trimble Crossing Dr,R430432,559715208002
126 Valley Ct,R024076,559710309009
1263 N Dalton Ranch Rd,R423608,559710416001
12670 CR 250,R420330,537319200037
127 Crazy Horse Dr,R024058,559715205016
127 Cypress Ct,R417540,559715107037
12777 CR 250,R001255,537124400025
128 Animosa Cir,R003397,559710100073
128 Cypress Ct,R417514,559715107011
128 Hermosa Cir,R023331,559710205023
12803 CR 250,R012403,537124400026
12849 CR 250,R417160,537124400012
129 Lone Pine Rd,R009601,559710100061
12900 CR 250,R003958,537319300014
12906 CR 250,R001976,537319300013
12910 CR 250,R003959,537319300015
12922 CR 250,R006267,537319300003
13 Valley Ct,R024068,559710309001
130 Crazy Horse Dr,R023491,559715203069
13103 CR 250,R001533,537124400003
13103 CR 250,R023960,537124400028
132 Glade Ct (Lot 5),R436423,559710321006
132 Trimble Crossing Dr,R430433,559715208003
13225 CR 250,R016583,537124400014
13227 CR 250,R016583,537124400014
133 Glade Ct,R436432,559710421015
13391 CR 250,R006666,537124400010
134 Thompson Ln,R017375,537136203009
134 Troon Trail,R417446,559710412008
13492 CR 250,R426745,537124401032
135 St. Andrews Cir,R417408,559710311012
135 Valley Ct,R024072,559710309005
136 Bruce Ln / 110 Willowood,R433877,559703300204
136 Bruce Ln / 95 Willowood,R433877,559703300203
136 St. Andrews Cir,R417435,559710311039
136 Valley Ct,R024075,559710309008
13676 CR 250,R003868,537124400004
13684 CR 250,R433359,537124100033
137 Colley Ln,R022285,537330201003
137 Pebble Dr,R417457,559710412019
138 Cypress Ct,R417515,559715107012
138 Estancia Lp,R435358,559710320053
139 Crazy Horse Dr,R023490,559715202068
139 Cypress Ct,R417539,559715107036
14 Cove Way,R425986,559710419016
14 Hermosa Cir,R023339,559710205031
14 Inverness Pl,R417465,559710412027
14 Mid Iron Ct,R423654,559710417010
14 Orchard Ln,R010021,559703307001
140 CR 202,R000839,559703100182
140 Glade Ct (Lot 6),R436424,559710321007
140 Twilight Trails Cir,R428393,559733100091
141 Glade Ct,R436431,559710421014
141 Rim Rock Dr,R008136,559703100102
141 Thompson Ln,R017376,537136200005
141 Trimble Crossing Dr,R430420,559715208044
141 Tripp Creek,R020228,559710204003
142 Hermosa Cir,R023330,559710105022
142 Painter Ranch Trail aka CR 250,R433484,537124100811
142 Trimble Crossing Dr,R430434,559715208004
144 Horse Thief Ln,R023457,559715202002
144 Valley Ct,R024074,559710309007
145 Cypress Ct,R417538,559715107035
146 Crazy Horse Dr,R023492,559715203070
146 Cypress Ct,R417516,559715107013
147 St. Andrews Cir,R417409,559710311013
147 Trimble Crossing Dr,R430457,559715208045
147 Valley Ct,R024073,559710309006
148 Glade Ct ( Lot 7),R436435,559710421008
148 Lone Pine,R003627,559710100078
148 Trimble Crossing Dr,R430435,559715208005
149 Glade Ct (Lot 12),R436430,559710421013
149 Hermosa Cir,R023354,559710107046
15 Gleneagles Dr,R022744,559703100005
15 Inverness Pl,R417475,559710412037
15 Mid Iron Ct,R423646,559710317002
15 Paintbrush Ln,R017634,559703409003
15 Paintbrush Ln,R437253,559704309001
151 Lockes Mountain Rd,R021997,537135400042
152 Cypress Ct,R417517,559715107014
152 Hermosa Cir,R428155,566504100147
156 Glade Ct (Lot 8),R436426,559710421009
156 Horse Thief Ln,R023458,559715202003
156 Trimble Crossing Dr,R430436,559715208006
156 Troon Trail,R417447,559710412009
157 Crazy Horse Dr,R023489,559715202067
157 Glade Ct (Lot 11),R436429,559710321012
157 Pebble Dr,R417456,559710412018
1579 CR 203,R417938,566504403008
158 Cypress Ct,R417518,559715107015
1585 CR 203,R417937,566504403007
159 CR 201,R423685,559703106016
16 Red Cliffs Rd,R417419,559710311023
16 Valley Ct,R024082,559710309015
160 St. Andrews Cir,R417436,559710311040
160 Trimble Crossing Dr,R430437,559715208007
1619 CR 203,R011278,566504403002
162 Crazy Horse Dr,R023493,559715203071
163 CR 202,R007492,559703100137
163 St Andrews Cir,R417410,559710311014
164 Glade Ct (Lot 9),R436427,559710321010
164 Hermosa Cir,R023328,559710105020
165 Glade Ct (Lot 10),R436428,559710321011
1651 CR 203,R007235,566504403001
166 Cypress Ct,R417519,559715107016
166 Estancia Loop,R435359,559710320054
166 Trimble Crossing Dr,R430438,559715208008
1677 CR 203,R017246,566504400048
169 Albrecht Ln,R015862,559703400126
17 Championship Cir,R423639,559710416032
17 Dog Leg Ln,R423662,559710417018
17 Orchard Ln,R023867,559703307016
17 St. Andrews Cir,R417397,559710311001
170 Horse Thief Ln,R023459,559715202004
170 Tripp Creek Rd,R020233,559710204008
171 Crazy Horse Dr,R023488,559715202066
1713 CR 203,R001768,566504400047
173 Pebble Dr,R417455,559710412017
174 Cypress Ct,R417520,559715107017
174 Hermosa Cir,R023327,559710105019
174 White Water Dr,R023736,537125400023
1743 CR 203,R014354,566504400046
175 Estancia Lp,R435360,559710320055
175 St. Andrews Cir,R417411,559710311015
176 St. Andrews Cir,R417428,559710311032
176 Trimble Crossing Dr,R430439,559715208009
1765 CR 203,R005501,566504400043
178 Cypress Ct,R417521,559715107018
1783 CR 203,R005966,566504400042
179 Hermosa Cir,R023353,559710107045
179 Tripp Creek Rd,R020229,559710204004
18 Fawn Lake Rd,R008455,559702203024
18 Turnberry Dr,R425449,559710418013
180 Albrecht Ln,R006294,559703700079
180 Crazy Horse Dr,R023494,559715203072
180 Troon Trail,R417448,559710412010
1813 CR 203,R012210,594911300126
182 Trimble Crossing Dr,R430440,559715208010
183 Cottonwood Creek Rd,R021089,559702205001
183 Crazy Horse Dr,R023487,559715202065
1831 CR 203,R009761,566504400039
184 Hermosa Cir,R023326,559710105018
185 Cottonwood Creek Rd,R021090,559702205002
185 Irongate Way,R023592,537124102001
185 Trimble Crossing Dr,R430421,559715208046
187 Cottonwood Creek Rd,R021091,559702205003
187 Pebble Dr,R417454,559710412016
188 Cypress Ct,R417522,559715107019
188 Horse Thief Ln,R023460,559715202005
189 Colley Ln,R002668,537330100002
189 Cottonwood Creek Rd,R021092,559702205004
189 St. Andrews Cir,R417412,559710311016
19 Crazy Horse Dr,R024044,559715205002
19 Rice Ln,R021821,559710400091
19 Sanctuary Ln,R420754,559710215001
19 Turnberry Dr,R425452,559710418016
190 Trimble Crossing Dr,R430403,559715208011
191 Cottonwood Creek Rd,R021093,559702205005
191 Trimble Crossing Dr,R430458,559715208047
191/195 Lockes Mountain Rd,R124529,537113540801
1919 CR 203,R008148,559328304011
1919B CR 203 (New House And Garage),R008148,559328304011
193 Cottonwood Creek Rd,R021094,559702205006
193 Hermosa Cir,R023352,559710107044
194 Hermosa Cir,R023325,559710105017
1945 CR 203,R417936,566504400130
195 Cottonwood Creek Rd,R021095,559702205007
195 CR 202,R020434,559703100148
1955 CR 203,R417935,566504400129
196 Trimble Crossing Dr,R430441,559715208012
1961 CR 203,R428153,566504100145
1965 CR 203,R000307,566504100028
1967 CR 203,R428152,566504100144
197 Cottonwood Creek Rd,R021096,559702205008
197 Pebble Dr,R417453,559710412015
1975 CR 203,R001924,566504100025
198 Crazy Horse Dr,R023495,559715203073
198 Cypress Ct,R417523,559715107020
198 Spring Creek Dr,R427513,566515309028
199 Crazy Horse Dr,R023486,559715202064
199 St. Andrews Cir,R417413,559710311017
20 Cove Way,R425985,559710419015
20 Crazy Horse Dr,R024064,559715205022
20 Dog Leg Ln,R423669,559710417025
20 Missionary Dr,R023346,559710107038
20 River Run - Lot 94,R419966,559702305047
20 Troon Cir,R417486,559710413001
200 Celadon Dr East,R420532,537319100039
200 Cottonwood Creek Rd,R019817,559702206015
200 Troon Trail,R417449,559710412011
2004 CR 203,R010712,566504100118
2015 CR 203,R006767,566504100108
2019 CR 203,R022282,566504100107
202 Horse Thief Ln,R023461,559715202006
2023 CR 203,R011982,566504100070
2034 CR 203,R010576,566504100117
204 Hermosa Cir,R023324,559710105016
204 St. Andrews Cir,R417427,559710311031
205 Hermosa Cir,R023351,559710107043
205 Lockes Mtn Rd,R021998,537135400043
206 Cypress Ct,R417524,559715107021
207 Trimble Crossing Dr,R430402,559715208048
208 Cypress Ct,R417525,559715107022
208 Trimble Crossing Dr,R430404,559715208013
2082 CR 203,R008036,566504100060
209 St. Andrews Cir,R417414,559710311018
2091 CR 203,R023065,566504100126
2095 CR 203,R016728,566504100023
21 Estancia Ct,R437871,559710320101
21 Peach Tree Pl,R417484,559710412046
21 Tumbling Rock Ln,R004214,566504100021
21 Wild Rose Ln,R425909,559710400141
210 Cypress Ct,R417526,559715107023
2101 CR 203,R011783,566504100063
211 CR 202,R020434,559703100148
211 Estancia Lp,R435361,559710320056
212 Cypress Ct,R417527,559715107024
213 CR 252,R022796,559715200068
213 Pebble Dr,R417452,559710412014
213 Trimble Crossing Dr,R430459,559715208049
214 Crazy Horse Dr,R023496,559715203074
214 Hermosa Cir,R023323,559710105015
214 Trimble Crossing Dr,R430442,559715208014
215 Crazy Horse Dr,R023485,559715202063
217 St. Andrews Cir,R417415,559710311019
22 CR 202,R000839,559703100181
22 Cypress Ct,R417505,559715107002
22 Latigo Rd,R014569,559702201014
22 Mid Iron Ct,R423655,559710417011
220 Horse Thief Ln,R023462,559715202007
221 Horse Thief Ln,R023509,559715203087
224 Cypress Ct,R417528,559715107025
224 Hermosa Cir,R023322,559710105014
225 Animas Springs Rd,R023738,537125100025
225 St. Andrews Cir,R417416,559710311020
2253 CR 203,R000819,566504100020
226 Troon Trail,R417450,559710412012
227 CR 201,R004190,559703100100
228 Trimble Crossing Dr,R430405,559715208015
2291 CR 203,R006090,566504100095
2293 CR 203,R002649,566504100094
2297 CR 203,R002647,566504100077
230 Cypress Ct,R417529,559715107026
2305 CR 203,R019789,566504100093
2307 CR 203,R002648,566504100092
231 Albrecht Ln,R428948,559702300056
231 Crazy Horse Dr,R023484,559715202062
231 Estancia Loop,R435362,559710320057
2315 CR 203,R019765,566504100097
2317 CR 203,R002646,566504100096
232 Crazy Horse Dr,R023497,559715203075
232 Hermosa Cir,R023321,559710105013
2323 CR 203,R017178,5665504100018
233 Cypress Ct,R417537,559715107034
234 Estancia Loop,R435375,559710320070
234 Trimble Crossing Dr,R430443,559715208016
2340 CR 203,R428154,566504100146
2343 CR 203,R007117,566504100016
2349 CR 203,R011501,566504100014
235 Hermosa Meadows Rd,R009522,559710100076
2351 CR 203,R426492,566504100143
2355 CR 203,R426491,566504100142
236 Albrecht Ln,R006293,559702300034
236 CR 201,R426790,559703100174
237 CR 201,R005420,559703104007
237 Horse Thief Ln,R023508,559715203086
237 Pebble Dr,R417451,559710412013
237 Trimble Crossing Dr,R430422,559715208050
238 Cypress Ct,R417530,559715107027
238 Horse Thief Ln,R023463,559715202008
2388 CR 203,R428155,566504100147
239 CR 201,R023621,559703106012
24 Gleneagles,R417396,559710310009
24 Peach Tree Pl,R417477,559710412039
24 Rio Grande Dr,R417169,537136203013
240 Colley Ln,R417212,537330400052
240 CR 201,R426789,559703100173
2403 CR 203,R018200,566504100011
2406 CR 203,R019713,566504100100
241 St Andrews Cir,R417417,559710311021
2418 CR 203,R019714,566504100099
243 Crazy Horse Dr,R023483,559715202061
243 Cypress Ct,R417536,559715107033
243 Trimble Crossing Dr,R430460,559715208051
244 Hermosa Cir,R023320,559710105012
244 Trimble Crossing Dr,R430406,559715208017
245 Estancia Lp,R435363,559710320058
2454 CR 203,R428156,566504100148
2456 CR 203,R428157,566504100149
246 Hermosa Acres Dr,R001216,559703100120
2468 CR 203,R009655,566504100008
247 CR 202,R010173,559703100121
247 Rim Rock Dr,R008368,537134400031
248 Estancia Lp,R435376,559710320071
2495 CR 203,R013015,566504100105
2497 & 2499 CR 203,R000723,566504100007
25 Game Trl,R023159,559702306012
25 Latigo Rd,R007854,559702201002
25 Mid Iron Ct,R423647,559710317003
250 Cottonwood Creek Rd,R023148,559702306001
250 Lockes Mountain Rd,R021999,537135400044
250 Trimble Crossing Dr,R430444,559715208018
251 Cypress Ct,R417535,559715107032
251 Hermosa Cir,R023350,559710107042
251 Horse Thief Ln,R023507,559715203085
252 Cypress Ct,R417531,559715107028
252 Hermosa Cir,R023319,559710105011
2536 CR 203,R009958,566504100002
2537 CR 203,R012444,566504100123
2539 CR 203,R012417,566504100122
254 Cottonwood Creek Rd,R023149,559702306002
2545 CR 203,R001635,566504100121
255 St Andrews Cir,R417418,559710311022
2555 CR 203,R016839,566504101005
256 Horse Thief Ln,R023464,559715202009
2577 CR 203,R022813,566504101006
258 Cottonwood Creek Rd,R023150,559702306003
258 Horse Thief Ln,R023498,559715203076
2589 CR 203,R005818,559733402042
259 Crazy Horse Dr,R023482,559715202060
259 Cypress Ct,R417534,559715107031
259 Estancia Lp,R435364,559710320059
2595 CR 203,R012787,566504101002
26 Inverness Pl,R417466,559710412028
260 Animas Springs Rd,R023738,537125100025
260 Cypress Ct,R417532,559715107029
2605 CR 203,R007776,566504101004
2618 CR 203,R006876,559733400023
262 Cottonwood Creek Rd,R023151,559702306004
262 Trimble Crossing Dr,R430407,559715208019
263 Tripp Creek Rd,R020230,559710204005
2633 CR 203,R005851,559733402005
264 Hermosa Cir,R023318,559710105010
2645 CR 203,R017381,559733402004
2661 CR 203,R000153,559733402003
267 Horse Thief Ln,R023506,559715203084
2673 CR 203,R015433,559733402002
268 Cypress Ct,R417533,559715107030
268 Trimble Crossing Dr,R430445,559715208020
2693 CR 203,R001825,559733402001
27 CR 201,R423682,559703106013
27 CR 202,R005414,559703104006
27 Crazy Horse Dr,R024045,559715205003
27 Dog Leg Ln,R423663,559710417019
27 Pebble Dr,R417463,559710412025
27 Turnberry Dr,R425451,559710418015
270 Horse Thief Ln,R023465,559715202010
2707 CR 203,R420158,559733400073
272 Estancia Lp,R435377,559710320072
2727 CR 203 (Dallabetta),R003805,559733400025
275 CR 252,R428671,559715200084
275 Estancia Lp,R435365,559710320060
275 Trimble Crossing Dr,R430423,559715208052
276 Trimble Crossing Dr,R430408,559715208021
278 Hermosa Cir,R023317,559710105009
27847 Hwy 550,R417565,559728400073
28 Dog Leg Ln,R423670,559710417026
28 Estancia Ct,R437874,559710320106
28 Red Cliffs Rd,R417420,559710311024
28 Rim Rock Dr,R004437,559703100103
28 Turnberry Dr,R425448,559710418012
28 Valley Ct,R024083,559710309016
280 Horse Thief Ln,R023466,559715202011
281 Trimble Crossing Dr,R430431,559715208053
282 Trimble Crossing Dr,R430446,559715208022
282 Tripp Creek Rd,R020232,559710204007
283 Spring Creek Dr,R417931,566504100062
285 Albrecht Ln,R002238,559702300020
28569 Hwy 550,R016457,559728100066
287 Hermosa Cir,R023349,559710107041
288 Hermosa Cir,R023316,559710105008
288 Trimble Crossing Dr,R430409,559715208023
289 Estancia Lp,R435366,559710320061
29 St. Andrews Cir,R417398,559710311002
290 Hermosa Meadows Rd,R006734,559710400047
290 Horse Thief Ln,R023467,559715202012
291 Horse Thief Ln,R023505,559715203083
292 Cottonwood Creek Rd,R023159,559702306012
2927 CR 203,R003792,559733400021
293 Tripp Creek,R020231,559710204006
294 Trimble Crossing Dr,R430447,559715208024
29582 N Hwy 550,R014576,559721100039
296 Colley Ln,R002668,537330100002
296 Cottonwood Creek Rd,R023152,559702306005
297 CR 201,R017151,559703104001
2981 CR 203,R000323,559733100014
29828 Hwy 550,R000421,559716400039
2984 CR 203,R011469,559733100017
3 Tumbling Rock Ln,R004214,566504100021
30 Brookie Creek,R425306,559702205060
30 Championship Cir,R423640,559710416033
30 Crazy Horse Dr,R024063,559715205021
30 Cypress Ct,R417506,559715107003
30 Mid Iron Ct,R423656,559710417012
30 Missionary Dr,R023347,559710107039
300 Animas Springs Rd,R023739,537125100026
300 Celadon Dr,R417199,537319300024
300 Cottonwood Creek Rd,R023157,559702306010
300 Horse Thief Ln,R023468,559715202013
300A Celadon Dr,R417199,537319300024
3015 CR 203,R012510,559733100013
302 Cottonwood Creek Rd,R023156,559702306009
304 Cottonwood Creek Rd,R023155,559702306008
304 Trimble Crossing Dr,R435824,559715208080
3040 CR 203,R012614,559733100032
3049 CR 203,R004140,559733100029
3055 CR 203,R014516,559733100012
3062 CR 203,R029226,559733100071
3078 CR 203,R024093,559733100072
308 Cottonwood Creek Rd,R023153,559702306007
308 Hermosa Cir,R023315,559710205007
31 Fawn Lake Rd,R012191,559702203017
310 Cottonwood Creek Rd,R023161,559703405006
310 Horse Thief Ln,R023469,559715202014
310 Trimble Crossing Dr,R435825,559715208081
311 Estancia Lp,R435367,559710320062
311 Trimble Crossing Dr,R430424,559715208054
312 Bruce Ln / CR 203,R022732,559703300143
312 Cottonwood Creek Rd,R023162,559703405005
31263 Hwy 550,R417379,559710300118
31380 Hwy 550,R016007,559710100055
3139 CR 203,R421751,559733100078
314-338 Whispering Pines Dr,R016959,537136204041
315 Estancia Loop,R435379,559710320074
315 Hermosa Acres Dr,R007080,537134400037
3154 CR 203,R427892,559733100085
316 Cottonwood Creek Rd,R023163,559703405004
3169 CR 203,R006540,559733100069
317 Trimble Crossing Dr,R430462,559715208055
3171 CR 203,R010019,559733100069
31722 Hwy 550,R005188,559710100038
31728 Hwy 550,R002481,559710100035
318 Cottonwood Creek Rd,R023164,559703405003
318 Trimble Crossing Dr,R435826,559715208082
31936 Hwy 550,R008409,559710100039
31964 Hwy 550,R013454,559710100033
32 S Hermosa Acres Dr,R004461,559703104004
32 Troon Trail,R417440,559710412002
320 Animas Springs Rd,R023740,537125100027
320 Cottonwood Creek Rd,R023165,559703405001
320 Horse Thief Ln,R023470,559715202015
321 Rim Rock Dr,R006410,537134400033
322 Cottonwood Creek Rd,R023154,559702306006
32223 Hwy 550 - Grill,R000200,559703400066
32229 Hwy 550 - Mini Stor,R010663,559703400072
32243 Hwy 550,R002736,559703400090
324 Cottonwood Creek Rd,R016471,559703405002
324 Trimble Crossing Dr,R435827,559715208083
32476 N Hwy 550,R000460,559703400054
32486 Hwy 550,R004132,559703400051
32496 Hwy 550,R000586,559703400049
32506 Hwy 550,R023166,559703400092
32516 Hwy 550,R016240,559703400048
327 Hermosa Cir,R023343,559710206035
328 Hermosa Cir,R023314,559710205006
32827 Hwy 550,R428151,559702200054
32955 Hwy 550,R020525,559702200011
33 Albrecht Ln,R008482,559703401124
33 Championship Cir,R423641,559710416034
33 Inverness Pl,R417474,559710412036
33 Latigo Rd,R012188,559702201003
33 Mid Iron Ct,R423648,559710317004
330 Animas Springs Rd,R023741,537125100028
330 Red Rock Rd,R422278,559710114047
33054 Hwy 550,R006443,559702200013
3307 CR 203,R003934,559733100008
3308 CR 203,R000274,559733100030
3309 CR 203 CR,R012422,559733100007
33092 Hwy 550,R006842,559702200032
33140 Hwy 550,R008829,559702200033
3315 CR 203,R015732,559733100006
33155 Hwy 550,R417341,559702200009
33177 Hwy 550,R417341,559702200048
33184 Hwy 550,R012350,559702200015
332 Horse Thief Ln,R023471,559715202016
332 Trimble Crossing Dr,R430449,559715208029
3320 CR 203,R426265,559733100084
33226 Hwy 550,R010407,559702200016
33226 Hwy 550,R010407,559702200016
33259 Hwy 550,R016561,559702200027
33262 Hwy 550,R010450,559702200003
33269 Hwy 550,R012339,559702200036
33291 Hwy 550,R005211,559702200026
33304 Hwy 550,R007844,559702100001
33314 Hwy 550,R009859,559702200004
33325 Hwy 550,R421417,537135400050
33325 Hwy 550,R421417,537135400050
33363 Hwy 550,R016706,537135400005
33405 Hwy 550,R009091,537135400038
33415 Hwy 550,R007289,537135400022
33444 Hwy 550,R000130,537135400023
3345 CR 203,R007389,559733100005
33633 Hwy 550,R009709,537135400039
33657 Hwy 550,R020007,537135400046
3375 CR 203,R005219,559733100066
33790 Hwy 550,R007828,537136300017
338 Trimble Crossing Dr,R430413,559715208030
33800 Hwy 550,R007829,537136300018
3381 CR 203,R022851,559733100067
33846 Hwy 550 (Office),R007845,537136300014
339 Horse Thief Ln,R023503,559715203081
3398 CR 203,R006722,559733101004
34 Bruce Ln,R022169,559703300036
34 Hermosa Cir,R023338,559710205030
34 Orchard Ln,R023853,559703307002
340 Cottonwood Creek Rd,R419967,559702305048
340 Estancia Lp,R435378,559710320073
340 Hermosa Cir,R023313,559710205005
340 Painter Ranch Rd,R433489,537319200823
34094 Hwy 550,R011161,537136300009
341 Painter Ranch Trail,R433491,537319200822
341 Trimble Crossing Dr,R430425,559715208056
34100 Hwy 550,R431853,537136200030
34106 Hwy 550,R006730,537136200006
34137 Hwy 550,R417167,537136203011
34141 Hwy 550,R417168,537136203012
3418 CR 203,R015945,559733101003
34237 Hwy 550 Units 1 - 40,R424393,537136202041
34320 Hwy 550,R001261,537136200022
3434 CR 203,R008993,559733101002
345 Celadon Dr,R024710,537319200803
345 Irongate Way,R023594,537124102003
345 Red Rock Rd,R420731,559710114039
34539 Hwy 550,R001937,537136200014
34547 Hwy 550,R023199,537136200028
3458 CR 203,R004178,559733101001
34586 Hwy 550,R015598,537136200004
346 Horse Thief Ln,R023472,559715202017
346 Trimble Crossing Dr,R430450,559715208031
34602 Hwy 550,R001752,537136200024
34606 Hwy 550,R015612,537125400008
34624 Hwy 550,R017145,537125300003
347 Trimble Crossing Dr,R430463,559715208057
34756 Hwy 550,R000411,537125400008
3477 CR 203,R014009,559733100034
34934 Hwy 550,R012519,537125400010
35 Estancia Ct,R437872,559710320102
35 Mahagony Ln,R425910,559710400142
35 Sanctuary Ln,R420761,559710215003
35 Valley Ct,R024069,559710309002
3500 CR 203,R022286,537330201004
3503 CR 203,R005581,559728400035
35060 Hwy 550,R020006,537125400019
351 Hermosa Cir,R023341,559710206033
35130 N Hwy 550,R426465,537125400031
352 Bruce Ln,R022731,5597032000142
352 Hermosa Cir,R023312,559710205004
352 Trimble Crossing Dr,R430414,559715208032
35235 N Hwy 550,R012762,537125400009
35245 Hwy 550 N,R015562,537125100014
353 Cottonwood Creek Rd,R422424,559702305056
355 Animosa Dr,R006718,559703401004
355 Estancia Lp,R430067,559710320026
35554 Hwy 550,R017806,537125100013
35554 Hwy 550,R017806,537125100013
356 CR 201,R003679,559703100105
357 Horse Thief Ln,R023502,559715203080
35853 N Hwy 550,R020069,537124400027
36 Cypress Ct,R417507,559715107004
36 Dog Leg Ln,R423671,559710417027
36 Fawn Lake Rd - #23,R016882,559702203023
36 Midiron Ct,R423657,559710317013
3606 CR 203,R013574,559728400049
362 Horse Thief Ln,R023473,559715202018
3624 CR 203,R010828,559728400037
364 Hermosa Cir,R023311,559710205003
364 Trimble Crossing Dr,R430451,559715208033
36574 Hwy 550,R001553,537124100016
366 CR 201,R001598,559703100106
367 CR 202,R417358,559703200153
36704 Hwy 550,R417159,537124100022
369 Trimble Crossing Dr,R430426,559715208058
37 Dog Leg Ln,R423664,559710417020
37 Hermosa Cir,R023340,559710206032
37 Orchard Ln,R023866,559703307015
37 Red Cliffs Dr,R417431,559710311035
370 Cottonwood Creek Rd,R419968,559702305049
370 Red Rock Rd,R420729,559710114037
370 Trimble Crossing Dr,R430415,559715208034
3700 CR 203,R005010,559728400039
3708 CR 203,R005009,559728400040
373 CR 252,R424610,559715200057
373 Estancia Lp,R435390,559710320085
373 Hermosa Meadows Rd/Anmas Vly Elem,R024197,559710100103
373 Horse Thief Ln,R023501,559715203079
374 Hermosa Cir,R023310,559710205002
3744 CR 203,R006749,559728400042
375 Trimble Crossing Dr,R430464,559715208059
3779 CR 203,R007991,559728400029
378 Horse Thief Ln,R023474,559715202019
3786 CR 203,R020244,559728400063
379 Estancia Loop,R430077,559710320036
3795 CR 203,R001174,559728400028
38 Inverness Pl,R417467,559710412029
381 Bouldercrest Dr,R417343,559702200050
381 Trimble Crossing Dr,R430427,559715208060
385 Red Rock Rd,R420728,559710114036
387 Estancia Lp,R435392,559710320087
387 Horse Thief Ln,R023500,559715203078
3888 CR 203,R003504,559728400044
3889 CR 203,R001137,559728400027
3890 CR 203,R005503,559728400048
3894 CR 203,R017175,559728400065
39 Crazy Horse Dr,R024046,559715205004
39 Peach Tree Pl,R417483,559710412045
390 Horse Thief Ln,R023475,559715202020
3911 CR 203 Lot 1,R008505,559728400025
3911 CR 203 Lot 1,R008505,559728400025
3911 CR 203 Lot 2,R008505,559728400025
392 Estancia Lp,R435382,559710320077
392 Hermosa Cir,R023309,559710205001
3930 CR 203,R434091,559728400081
394 Colley Ln,R022735,537330100043
397 Trimble Crossing Dr,R430394,559715208061
3984 CR 203,R435819,559728400083
4 Fawn Lake Rd,R012192,559702203025
40 Latigo Rd,R005112,559702201013
40 Missionary Dr,R023348,559710107040
40 Peach Tree Pl,R417478,559710412040
40 River Run,R419965,559702305046
400 Red Rock Rd,R420726,559710114034
400 Rim Rock Dr,R022747,537134400040
4022 CR 203,R014532,559728100023
403 Estancia Loop,R435393,559710320088
403 Spring Creek Dr,R002650,566504200109
403 Trimble Crossing Dr,R430395,559715208062
405 Estancia Lp,R435383,559710320078
405 Horse Thief Ln,R023499,559715203077
406 Horse Thief Ln,R023476,559715202021
408 Irongate Way,R023593,537124102002
4094 CR 203,R011577,559728100012
41 Mid Iron Ct,R423649,559710317005
41 Pebble Dr,R417462,559710412024
41 Sanctuary Ln,R420763,559710215005
4138 CR 203,R005973,559728100056
4141 CR 203,R013010,559728100057
4166 CR 203,R417562,559728100070
4181 CR 203 - Ruby Zinks',R008393,559728100013
42 Dog Leg Ln,R423672,559710417028
42 Red Cliffs Rd,R417421,559710311025
420 Estancia Loop,R435394,559710320089
4200 CR 203,R017636,559728100038
421 Estancia Loop,R430070,559710320029
421 Trimble Crossing Dr,R430396,559715208063
4211 CR 203,R014528,559728100014
422 Horse Thief Ln,R023477,559715202022
4246 CR 203,R017635,559728100010
427 Trimble Crossing Dr,R430397,559715208064
4290 CR 203,R013112,559728100011
4299 CR 203,R011099,559728100015
43 Latigo Rd,R016838,559702201004
43 St. Andrews Cir,R417399,559710311003
4318 CR 203,R011320,559728100009
432 Hermosa Acres Dr,R022745,559703100135
433 Cottonwood Creek Rd,R422422,559702305054
433 Estancia Loop,R430071,559710320030
434 CR 202,R005097,559703200024
435 Red Rock Rd,R420727,559710114035
435 Spring Creek Dr,R022354,566504200110
4351 CR 203,R006559,559728100017
436 Estancia Lp,R435395,559710320090
4364 CR 203,R018153,559728100007
4378 CR 203,R023923,559728100067
438 Horse Thief Ln,R023478,559715202023
4380 CR 203,R023924,559728100068
4382 CR 203,R012169,559728100006
4398 CR 203,R011166,559728100005
44 Cove Way,R425983,559710419013
44 Crazy Horse Dr,R024062,559715205020
44 Cypress Ct,R417508,559715107005
44 Estancia Ln,R435386,559710320081
44 Hermosa Cir,R023337,559710205029
44 Midiron Ct,R423658,559710317014
44 Sanctuary Ln,R420762,559710215004
440 Red Rock Rd,R420725,559710114033
4419 CR 203,R005187,559728100018
4436 CR 203,R430331,559728100079
444 CR 201,R022744,559703100005
445 Albrecht Ln,R000136,559702300038
445 Albrecht Ln,R000136,559702300038
4454 CR 203,R430330,559728100078
4459 CR 203,R016575,559728100019
45 Animosa Dr,R007196,559703400057
45 CR 252,R017234,559715200016
45 Estancia Ct,R4377873,559710320104
45 Gleneagles Dr,R417389,559710310002
45 Paintbrush Ln,R437255,5597023409003
45 Rio Grande Dr,R014545,537136203006
45 S Hermosa Acres Dr,R417356,559703104002
45 Trimble Crossing Dr,R009876,559715200005
452 Horse Thief Ln,R023479,559715202024
4521 CR 203,R005865,559728100020
4524 CR 203,R007037,559728100002
459 Cottonwood Creek Rd,R417349,559702305039
459 Red Ridge Rd,R002132,559716400018
46 Gleneagles Dr,R417395,559710310008
46 Peach Tree Pl,R417479,559710412041
460 Red Rock Dr,R420724,559711214032
4618 CR 203,R022754,559721400032
4622 CR 203,R009108,559721400031
463 Cottonwood Creek Rd,R417350,559702305040
4630 CR 203,R009107,559721400016
464 Hermosa Acres Dr,R010534,559703100097
465 Spring Creek Rd,R022355,566504200111
466 Horse Thief Ln,R023480,559715202025
47 Crazy Horse Dr,R024047,559715205005
47 Dog Leg Ln,R423665,559710417021
47 Mid Iron Ct,R423650,559710317006
47 Rim Rock Dr,R005117,537134400018
470 Horse Thief Ln,R023481,559715202059
470 Red Rock Rd,R420723,559711214031
4707 CR 203,R007721,559721400015
48 Inverness Pl,R417468,559710412030
48 Tripp Creek,R020048,559710204012
480 Cottonwood Creek Rd,R023064,559702205027
480 Horse Thief Ln,R023648,559715202026
4814 CR 203,R014294,559721400013
482 Cottonwood Creek Rd,R023063,559702205026
484 Cottonwood Creek Rd,R023062,559702205025
486 Cottonwood Creek Rd,R023061,559702205024
488 Cottonwood Creek Rd,R023060,559702205023
49 Fawn Lake Rd,R013506,559702203018
49 Peach Tree Pl,R417482,559710412044
49 Spring Creek Dr,R011783,566504100063
490 Cottonwood Creek Rd,R023059,559702205022
491 Hermosa Acres Dr,R012166,559703100085
492 CR 202,R001203,559703200023
4920 CR 203,R014294,559721400013
496 Horse Thief Ln,R023433,559715302027
50 Hermosa Acres Dr,R001983,559703100006
50 Mahagony Run,R423617,559710416010
50 Orchard Ln,R023854,559703307003
50 Sanctuary Ln,R420764,559710215006
50 Troon Trl,R417441,559710412003
50 Valley Ct,R024081,559710309014
50 Wild Rose Ln,R019710,559710400097
500 Animosa Dr,R426279,559711201025
500 Rim Rock Rd,R022743,537134400039
5004 CR 203,R421625,559721400021
5004 CR 203,R421625,055972140021
5036 CR 203,R013547,559721100020
504 CR 202,R001501,559703200022
5063 CR 203,R013226,559721100006
5078 CR 203,R001140,559721100025
51 Paintbrush Ln,R437256,559703409004
51 Peach Tree Pl,R417481,559710412043
511 Irongate Way,R023595,537124102004
514 Horse Thief Ln,R023434,559715302028
5157 CR 203,R001327,559721100028
5167 CR 203,R001327,559721100028
5172 CR 203,R436716,559721100042
5184 CR 203,R010362,559721100034
52 Cypress Ct,R417509,559715107006
52 Fat Dog Ln,R007199,559703400055
52 Midiron Ct,R423659,559710317015
52 Rio Grande Dr,R417170,537136203014
52 St. Andrews Cir,R417432,559710311036
52 Thompson Ln,R417166,537136203010
520 Cottonwood Creek Rd,R021108,559702205020
5208 CR 203,R010584,559721100035
522 Cottonwood Creek Rd,R021107,559702205019
524 Cottonwood Creek Rd,R021106,559702205018
524 Hermosa Meadows Rd,R425971,559710419001
526 Cottonwood Creek Rd,R021105,559702205017
526 Hermosa Meadows Rd,R425972,559710419002
528 Cottonwood Creek Rd,R021104,559702205016
53 Inverness Pl,R417473,559710412035
53 Orchard Ln,R023865,559703307014
530 Cottonwood Creek Rd,R021103,559702205015
530 Hermosa Acres Dr,R006863,559703100119
532 CR 201,R010016,559703100008
532 CR 252 - Maintenan,R425655,559715302097
5326 CR 203,R002503,559721100027
535 CR 201,R002704,559703104003
537 Cottonwood Creek Rd,R421135,559702205053
538 Horse Thief Ln,R023435,559715302029
539 Cottonwood Creek Rd,R023182,559702205030
54 Dog Leg Ln,R423673,559710417029
54 Fawn Lake Rd,R016879,559702203022
54 Peach Tree Pl,R417480,559710412042
54 Turnberry Dr,R425446,559710418010
541 Cottonwood Creek Rd,R023183,559702205031
5425 CR 203,R014575,559721100038
5435 CR 203,R023731,559721100041
5442 CR 203,R017252,559721100002
545 Cottonwood Creek Rd,R023184,559702205032
545 Horse Thief Ln,R023644,559715304055
5474 CR 203,R014575,559721100038
548 CR 202,R425918,559703200180
55 Animosa Cir,R003840,559703401103
55 Animosa Dr,R011434,559703400058
55 Crazy Horse,R024048,559715205006
55 Crystal Ln / 2000 CR 205,R017038,566504200066
55 Dog Leg Ln,R423666,559710417022
55 Mid Iron Ct,R423651,559710317007
55 Red Cliffs Rd,R417430,559710311034
55 Valley Ct,R024070,559710309003
550 Celadon Dr / Commons Area,R024038,537319200022
5533 CR 203,R009524,559721100001
554 Horse Thief Ln,R023436,559715302030
555 Bruce Ln,R417364,559703200160
555 Hermosa Acres Dr,R005585,559703100115
5566 CR 203,R001315,559716400034
558 Hermosa Meadows Rd,R425975,559710419005
56 Gleneagles Dr,R417394,559710310007
56 Latigo Rd,R010763,559702201012
56 Red Cliffs Rd,R417422,559710311026
560 Red Rock Rd,R420720,559711214028
5640 CR 203,R009560,559716400033
565 Horse Thief Ln,R023643,559715304054
5685 CR 203,R009560,559716400033
57 Cove Way,R425980,559710419010
57 Lone Pine Rd,R000610,559710100060
57 St. Andrews Cir,R417400,559710311004
5711 CR 203,R005362,559716400048
5733 CR 203,R005372,559716400049
574 CR 201,R004346,559703100007
574 Hermosa Meadows Rd,R425976,559710419006
574 Horse Thief Ln,R023437,559715302031
58 Hermosa Cir,R023336,559710205028
58 Inverness Pl,R417469,559710412031
58 Mid Iron Ct,R423660,559710317016
5802 CR 203,R004382,559716400036
5824 CR 203,R015481,559716400026
584 Horse Thief Ln,R023438,559715302032
585 Cottonwood Creek Rd,R021102,559702205014
585 CR 252 Fitness Center,R427075,559715101007
585 Hermosa Meadows Rd,R425987,559710419017
587 Cottonwood Creek Rd,R021101,559702205013
589 Cottonwood Creek Rd,R021100,559702205012
589 CR 252 / Dalton Clubhouse,R427075,559715101007
5899 CR 203,R023129,559716400047
590 Horse Thief Ln,R023439,559715302033
591 Cottonwood Creek Rd,R021099,559702205011
5925 CR 203,R024431,559716400052
593 Cottonwood Creek Rd,R021098,559702205010
595 Cottonwood Creek Rd,R021097,559702205009
596 Horse Thief Ln,R023440,559715302034
5977 CR 203,R024431,559716400052
5981 CR 203,R024429,559716400050
6 Dog Leg Ln,R423667,559710417023
6 Latigo Rd,R012189,559702201015
6 Tripp Creek,R020046,559710204010
60 Brookie Creek,R425307,559702205061
60 Cove Way,R425982,559710419012
60 Troon Cir,R417487,559710413002
60 Wild Rose Ln,R423642,559710416035
600 Animosa Dr,R002675,559711201006
600 Painter Ranch Trl,R433493,537319200061
6000 CR 203 63,R421839,559715200081
601 Horse Thief Ln,R023642,559715304053
602 Hermosa Meadows Rd,R425978,559710419008
602 Painter Ranch Trail,R433494,537319200060
605 Animosa Dr,R004136,559711201012
605 Red Rock Rd,R420717,559710114025
607 Hermosa Meadows Rd,R425989,559710419019
61 Estancia Ln,R430057,559710320016
61 Fawn Lake Rd,R000673,559702203019
61 Pebble Dr,R417461,559710412023
610 Horse Thief Ln,R023441,559715302035
610 Red Rock Rd,R420719,559711214027
611 Hermosa Meadows Rd,R425990,559710419020
616 CR 201,R000601,559703100093
62 Crazy Horse Dr,R024061,559715205019
62 Cypress Ct,R417510,559715107007
62 Estancia Ln,R430073,559710320032
62 Turnberry Dr,R425445,559710418009
63 Inverness Pl,R417472,559710412034
63 Mid Iron Ct,R423652,559710317008
630 Horse Thief Ln,R023442,559715302036
631 Horse Thief Ln,R023641,559715304052
632 Irongate Way,R023596,537124402005
6397 CR 203,R000966,559715200012
64 Estancia Loop,R430042,559710320001
64 Inverness Pl,R417470,559710412032
64 Orchard Ln,R023855,559703307004
640 Red Rock Rd,R420718,559710114026
6440 CR 203,R004148,559715200013
6459 CR 250,R010948,559715400032
6463 CR 250,R005911,559715400023
6475 CR 203,R417544,559715200076
65 Hermosa Cir,R023342,559710206034
6510 CR 203 - Willow Tree Kennel,R017075,559715200010
6525 CR 250,R008590,559715400043
655 Red Rock Rd,R420716,559710114024
656 Horse Thief Ln,R023444,559715302038
6566 CR 203,R431933,559715200089
66 Cove Way,R425981,559710419901
66 Troon Trail,R417442,559710412004
661 Irongate Way,R023597,537124402006
6614 CR 203,R017185,559715200045
664 CR 202,R006466,559703200109
664 Horse Thief Ln,R023445,559715302039
6644 CR 203,R417377,559710300116
6655 CR 203,R417377,559710300121
666 CR 202 - Orchard,R013803,559703200101
668 CR 202,R006380,559703200127
6682 CR 203,R417378,559710300117
6695 CR 203,R422401,559710300131
6698 CR 203,R004286,559710300067
6698 CR 203 - TRA 1,R004286,559710300067
6698 CR 203 - TRA 2,R004286,559710300067
67 / 89 Trimble Crossing Dr,R430430,559715208066
67 Crazy Horse Dr,R024049,559715205007
67 Gleneagles Dr,R417390,559710310003
67 Rio Grande Dr,R008750,537136203005
67 St Andrews Cir,R417401,559710311005
670 CR 202,R000479,559703200123
670 Red Rock Rd,R420715,559710114023
672 CR 202,R006712,559703200136
673 Hermosa Meadows Rd,R425992,559710419022
6731 CR 203,R017497,559710300022
6759 CR 203,R000116,559710300082
676 CR 202,R424461,559703200165
676 Horse Thief Ln,R420156,559715302095
6775 CR 203,R022311,559710300100
6777 CR 203,R000116,559710300082
678 CR 202,R424462,559703200166
68 Valley Ct,R024080,559710309013
6815 CR 203,R425541,559710300139
684 Hermosa Meadows Rd,R438012,559710400156
6842 CR 203,R014353,559710300070
6847 CR 203,R425540,559710300138
685 Horse Thief Ln,R023640,559715304051
686 CR 202,R426723,559703200804
686 Hermosa Meadows Rd,R426012,559710419042
6867 CR 203,R014451,559710300160
69 Animosa Cir,R009775,559710100048
69 Inverness Pl,R417471,559710412033
69 Mahogany Run,R423643,559710416036
69 Orchard Ln,R023864,559703307013
692 Horse Thief Ln,R420157,559715302096
6927 CR 203,R417376,559710300115
693 Irongate Way,R023598,537124402007
695 Red Rock Rd,R420713,559710114021
696 Iron Gate Way,R023599,537124402008
6961 CR 203,R417382,559710300122
6989 CR 203,R001033,559710300018
699 Hermosa Meadows Rd,R425995,559710419025
7 Dog Leg Ln,R423661,559710417017
7 Latigo Rd,R012187,559702201001
70 Cypress Ct,R417511,559715107008
700 Animosa Dr,R010909,559711201014
7017 CR 203,R417383,559710300123
7041 CR 203,R430082,559710320041
7043 CR 203,R417385,559710300125
705 Animosa Dr,R014284,559711201010
705 Horse Thief Ln,R023456,559715304050
71 Mid Iron Ct,R423653,559710317009
710 Horse Thief Ln,R023448,559715302042
7125 CR 203,R002368,559710300017
7131 CR 203,R430084,559710320043
7135 CR 203,R008948,559710201016
7144 CR 203,R417373,559710200109
7171 CR 203,R014396,559710201015
718 Hermosa Meadows Rd,R426010,559710419040
7185 CR 203,R420074,559710201017
72 Hermosa Cir,R023335,559710205027
72 Red Cliffs Rd,R417423,559710311027
72 S Hermosa Acres Dr,R417357,559703104005
720 Waterfall Ln,R417568,559728402001
7217 CR 203,R003455,559710201013
723 Hermosa Meadows Rd,R425997,559711319027
723 Horse Thief Ln,R425997,559711319027
7235 CR 203,R014151,559710201012
724 N Dalton Ranch Rd,R423637,559710416030
726 Horse Thief Ln,R023449,559715302043
7271 CR 203,R011099,559728100015
728 Celadon Dr,R024576,537319200800
73 Crazy Horse Dr,R024050,559715205008
73 Gleneagles Dr,R417391,559710310004
73 Red Cliffs Rd,R417429,559710311033
730 Waterfall Ln,R417569,559728402002
7319 CR 203,R012467,559710200042
732 Waterfall Ln,R417570,559728402003
7331 CR 203,R012467,559710200042
735 Red Rock Rd,R420712,559710114020
736 Hermosa Meadows Rd,R426009,559710419039
7381 CR 203 S Lot,R004995,559710200009
7397 CR 203 CR,R417374,559710200112
74 Bruce Ln,R427888,559703300175
740 Waterfall Ln,R417571,559728402004
741 Hermosa Meadows Rd,R425998,559711319028
742 Hermosa Meadows Rd,R426008,559710419038
742 Horse Thief Ln,R023450,559715302044
7434 CR 203,R001312,559710200056
745 Hermosa Meadows Rd,R425999,559711319029
746 N Dalton Ranch Rd,R423636,559710416029
7471 CR 203,R014356,559710200031
75 Mahogany Run,R423644,559710416037
75 Paintbrush Ln,R437257,559703409005
7509 CR 203,R020047,559710204011
752 Horse Thief Ln,R023451,559715302045
7525 CR 203,R010574,559710200072
755 Animosa Dr,R010015,559711201007
7555 CR 203,R010578,559710200071
756 CR 202,R424366,559703200803
7575 CR 203,R424093,559710200135
7577 CR 203 D,R424095,559710200137
758 Waterfall Ln,R417572,559728402005
7581 CR 203,R424094,559710200136
76 Fawn Lake Rd,R000674,559702203020
76 Gleneagles Dr,R417393,559710310006
76 St Andrews Cir,R417433,559710311037
760 Hermosa Meadows Rd,R426007,559710419037
760 Horse Thief Ln,R023452,559715302046
760 Red Rock Rd,R420710,559710114018
764 N Dalton Ranch Rd,R423635,559710416028
765 Hermosa Meadows Rd,R426000,559711319030
768 Hermosa Meadows Rd,R426006,559711319036
769 Hermosa Meadows Rd,R426001,559711319031
77 Celadon Dr,R420330,537319200037
77 Estancia Ln,R430056,559710320015
77 Pebble Dr,R417460,559710412022
770 Horse Thief Ln,R023453,559715302047
770 Waterfall Ln,R417573,559728402006
7706 CR 203,R008651,559710200032
7707 CR 203,R420307,559703300161
7708 CR 203,R011537,559703300044
771 Horse Thief Ln,R023454,559715304048
772 Waterfall Ln,R417574,559728402007
7733 CR 203,R425309,559703300168
7735 CR 203,R425308,559703300167
775 Red Rock Rd,R420711,559710114019
7758 CR 203,R009425,559703300043
7776 CR 203,R009427,559703300041
7789 CR 203,R015606,559703300111
7791 CR 203,R007221,559703300112
78 Crazy Horse Dr,R024060,559715205018
78 Cypress Ct,R417512,559715107009
78 Estancia Ln,R430074,559710320033
78 Orchard Ln,R023856,559703307005
780 Waterfall Ln,R417575,559728402008
782 Hermosa Meadows Rd,R426005,559711319035
782 N Dalton Ranch Rd,R423634,559710416027
7823 CR 203,R001443,559703300134
7830 CR 203,R012409,559703300040
7841 CR 203,R435810,559703300136
7848 CR 203,R009654,559703400139
7852 CR 203,R005000,559703400140
7859 CR 203,R001729,559703300031
7865 CR 203,R417365,559703300033
7879 CR 203 / 260 Bruce,R421136,559703300162
788 Hermosa Meadows Rd,R426004,559711319034
788 Horse Thief Ln,R023646,559715302057
7889 CR 203,R020812,559703300800
79 Latigo Rd,R007888,559702201005
790 CR 201,R426282,559703100170
790 Red Rock Rd,R420709,559710114017
7909 CR 203,R006565,559703400037
7922 CR 203,R017014,559703400074
798 N Dalton Ranch Rd,R423633,559710416026
7981 CR 203,R016569,559703400078
7994 CR 203,R014292,559703400071
8 Cypress Ct,R417504,559715107001
8 Estancia Ln,R435356,559710320051
8 Game Trl,R422423,559702305055
80 Troon Cir,R417488,559710413003
80 Twilight Trails Cir,R428389,559733100087
800 Waterfall Ln,R417576,559728402009
801 Horse Thief Ln,R023645,559715304056
8023 CR 203,R016571,559703400067
804 Horse Thief Ln,R023647,559715302058
8044 CR 203 / 28 Mead Ln,R014291,559703400068
8051 CR 203,R436144,559703400075
8059 CR 203,R006968,559703400070
806 Hermosa Meadows Rd,R426003,559711319033
8068 CR 203 - House,R000200,559703400066
8095 CR 203,R000120,559703400132
81 Hermosa Cir,R023344,559710206036
81 St. Andrews Cir,R417402,559710311006
81 Turnberry Dr,R431297,559710418024
81 Valley Ct,R024071,559710309004
810 Red Rock Rd Rd,R425314,559710114051
810 Waterfall Ln,R417577,559728402010
812 Hermosa Meadows Rd,R426002,559711319032
812 Waterfall Ln,R417578,559728402011
8124 CR 203 - Hermosa S,R020024,559715400060
8147 CR 203,R009710,559703400147
816 N Dalton Ranch Rd,R423632,559710416025
8177 CR 203,R003580,559703400146
818 CR 202,R424365,537134300044
8181 CR 203,R001202,559703400151
8199 CR 203,R006429,559703400011
82 Latigo Rd,R002768,559702201011
82 Rio Grande Dr,R417171,537136203015
820 Waterfall Ln,R417579,559728402012
8239 CR 203 & 8219 CR 203,R007454,559703400012
8241 CR 203,R426481,559703400172
8243 CR 203,R426480,559703100171
8282 CR 203,R001017,559703400052
83 Troon Cir,R417495,559710413010
8329 CR 203,R023618,559703106001
8333 CR 203,R023612,559703106002
834 N Dalton Ranch Rd,R423631,559710416024
8350 CR 203,R002674,559703100015
8399 CR 203,R023613,559703106003
84 Gleneagles Dr,R417392,559710310005
84 Troon Trail,R417443,559710412005
84 Turnberry Dr,R425444,559710418008
840 Red Rock Rd,R001303,559711201019
840 Waterfall Ln,R417580,559728402013
846 CR 202,R006697,537134300029
85 Orchard Ln,R023863,559703307012
850 N Dalton Ranch Rd,R423630,559710416023
850 Waterfall Ln,R417581,559728402014
852 Waterfall Ln,R417582,559728402015
86 Hermosa Cir,R023334,559710205026
86 Red Cliffs Rd,R417424,559710311028
860 CR 202,R011552,537134300028
860 Waterfall Ln,R417583,559728402016
868 N Dalton Ranch Rd,R423629,559710416022
87 CR 201,R423683,559703106014
87 Crazy Horse Dr,R024051,559715205009
870 CR 252,R001814,559715400073
874 CR 252,R425654,559715200082
876 CR 252,R438665,559715100076
876 CR 252 1A-C,R438666,559715100077
878 CR 252,R012552,559715300072
88 Troon Cir,R417489,559710413004
88 Valley Ct,R024079,559710309012
885 Red Rock Rd,R422275,559710114044
886 N Dalton Ranch Rd,R423628,559710416021
89 Troon Cir,R417494,559710413009
89 Turnberry Dr,R431296,559710418023
890 Red Rock Rd,R422276,559710114045
898 Waterfall Ln,R417584,559728402017
899 CR 252,R020024,559715400060
9 Estancia Ct,R437870,559710320100
9 Pebble Dr,R417464,559710412026
902 N Dalton Ranch Rd,R423627,559710416020
91 Estancia Ln,R430055,559710320014
91 Paintbrush Ln,R437258,559703409006
910 CR 202,R008580,537134300016
910 CR 252,R003378,559715400027
910 Waterfall Ln,R417585,559728402018
92 Estancia Ln,R430075,559710320034
92 Turnberry Dr,R425443,559710418007
920 N Dalton Ranch Rd,R423626,559710416019
921 Waterfall Ln,R417601,559728402034
922 Waterfall Ln,R417586,559728402019
93 Pebble Dr,R417459,559710412021
93 Rio Grande Dr,R008751,537136203004
932 CR 201,R426281,559703200169
934 Waterfall Ln,R417587,559728402020
94 Orchard Ln,R023857,559703307006
94 Troon Cir,R417490,559710413005
940 Red Rock Rd,R422274,559710114043
942 N Dalton Ranch Rd,R423625,559710416018
942 Waterfall Ln,R417588,559728402021
945 Red Rock Rd,R422277,559710114046
95 St. Andrews Cir,R417403,559710311007
95 Turnberry Dr,R431295,559710418022
955 Waterfall Ln,R417600,559728402033
956 Waterfall Ln,R417589,559728402022
96 Brookie Crk,R417346,559702205037
96 Crazy Horse Dr,R024059,559715205017
96 Twilight Trails Cir,R428390,559733100088
960 Red Rock Rd,R420697,559710114005
97 Latigo Rd,R002163,559702201006
97 Orchard Ln,R023862,559703307011
97 Troon Cir,R417493,559710413008
970 Red Rock Rd,R420696,559710114004
971 Waterfall Ln,R417599,559728402032
972 N Dalton Ranch Rd,R423624,559710416017
972 Waterfall Ln,R417590,559728402023
989 CR 252,R002595,559715400049
989 Waterfall Ln,R417598,559728402031
99 River Run,R417348,559702305038
99 St. Andrews Cir,R417404,559710311008
990 Red Rock Rd,R420695,559710114003
990 Waterfall Ln,R417591,559728402024
991 CR 201,R417362,559703200158
995 CR 201,R417361,559703200157
Honeyville - 33633 Hwy 550,R021693,537135400045
Maintenance House,R426014,559711300036
PAHOA Irrigatio E Of Tennis,R425121,537136208009
Painter Ranch Lot 1-A,R426954,537124100031
Soa Needed 36 Turnberry Dr,R425447,559710418011
Spring Creek Dr Lot 4,R435749,566504100010
TBD Dalton Ranch West,R424610,559715200057
Tract 2 - Hermosa Acres,R022746,537134400019
Vacant Lot CR 201,R013907,559703100094
